{
  "project_name" : "DataStage_Explore",
  "project_id" : "e6ce550a-adf6-427e-bdc1-4a3279210c5c",
  "created_by" : "admin",
  "created_at" : "2022-12-19T06:19:09.902405Z",
  "environment" : "cp4d",
  "services_info" : [ {
    "name" : "ds-canvas",
    "version" : "460.0.18"
  }, {
    "name" : "ds-flows",
    "version" : "460.0.3"
  }, {
    "name" : "ds-codegen",
    "version" : "460.0.6"
  }, {
    "name" : "ds-flow-runtime",
    "version" : "460.0.5"
  }, {
    "name" : "ds-migration",
    "version" : "460.0.10"
  }, {
    "name" : "DSAssets",
    "version" : "460.0.2"
  }, {
    "name" : "ds-cas-lite",
    "version" : "460.0.4"
  } ],
  "assets" : [ {
    "name" : "Ingest_To_M360",
    "type" : "data_intg_flow"
  }, {
    "name" : "Ingest_To_M360",
    "type" : "px_executables"
  }, {
    "name" : "Kafka_Connect",
    "type" : "connection"
  } ],
  "flow_job_mapping" : [ ]
}