{
  "interaction_properties" : {
    "source" : [ {
      "hidden" : false,
      "masked" : false,
      "description" : "Advanced Kafka Client logging",
      "displayGroup" : "advancedkafkasettings",
      "default_value" : "false",
      "label" : "Advanced Kafka Client logging",
      "type" : "boolean",
      "supported_products" : [ "catalog", "cpd", "datarefinery", "datastage_connection", "datastage_scapi", "ml", "replication", "studio" ],
      "required" : false,
      "tags" : [ "advancedkafkasettings" ],
      "user_defined" : false,
      "readonly" : false,
      "uiOnly" : false,
      "displayOrdinal" : 100,
      "multiline" : false,
      "name" : "_advanced_client_logging",
      "multichoice" : false
    }, {
      "hidden" : false,
      "masked" : false,
      "description" : "Advanced Kafka Client configuration",
      "displayGroup" : "advancedkafkasettings",
      "default_value" : "false",
      "label" : "Advanced Kafka Client configuration",
      "type" : "boolean",
      "supported_products" : [ "catalog", "cpd", "datarefinery", "datastage_connection", "datastage_scapi", "ml", "replication", "studio" ],
      "required" : false,
      "tags" : [ "advancedkafkasettings" ],
      "user_defined" : false,
      "readonly" : false,
      "uiOnly" : false,
      "displayOrdinal" : 200,
      "multiline" : false,
      "name" : "_advanced_kafka_config_options",
      "multichoice" : false
    }, {
      "hidden" : false,
      "masked" : false,
      "values" : [ {
        "label" : "DEBUG",
        "value" : "debug"
      }, {
        "label" : "ERROR",
        "value" : "error"
      }, {
        "label" : "FATAL",
        "value" : "fatal"
      }, {
        "label" : "INFO",
        "value" : "info"
      }, {
        "label" : "OFF",
        "value" : "off"
      }, {
        "label" : "TRACE",
        "value" : "trace"
      }, {
        "label" : "WARN",
        "value" : "warn"
      } ],
      "description" : "Logging level",
      "displayGroup" : "advancedkafkasettings",
      "default_value" : "off",
      "label" : "Logging level",
      "type" : "enum",
      "supported_products" : [ "catalog", "cpd", "datarefinery", "datastage_connection", "datastage_scapi", "ml", "replication", "studio" ],
      "required" : false,
      "tags" : [ "advancedkafkasettings" ],
      "user_defined" : false,
      "readonly" : false,
      "uiOnly" : false,
      "displayOrdinal" : 101,
      "multiline" : false,
      "name" : "_client_logging_level",
      "multichoice" : false
    }, {
      "hidden" : false,
      "masked" : false,
      "description" : "Consumer group name to be used when reading messages from Kafka topic.",
      "displayGroup" : "general",
      "label" : "Consumer group",
      "type" : "string",
      "supported_products" : [ "catalog", "cpd", "datarefinery", "datastage_connection", "datastage_scapi", "ml", "replication", "studio" ],
      "required" : false,
      "user_defined" : false,
      "readonly" : false,
      "uiOnly" : false,
      "displayOrdinal" : 101,
      "multiline" : false,
      "name" : "_consumer_group_name",
      "multichoice" : false
    }, {
      "hidden" : false,
      "masked" : false,
      "values" : [ {
        "label" : "Read committed",
        "value" : "read_committed"
      }, {
        "label" : "Read uncommitted",
        "value" : "read_uncommitted"
      } ],
      "description" : "Kafka isolation level for messages written transactionally. Read commited will only fetch commited messages, Read uncommitted will fetch all of them.",
      "displayGroup" : "consumerconfig",
      "default_value" : "read_uncommitted",
      "label" : "Isolation level",
      "type" : "enum",
      "supported_products" : [ "catalog", "cpd", "datarefinery", "datastage_connection", "datastage_scapi", "ml", "replication", "studio" ],
      "required" : false,
      "tags" : [ "consumerconfig" ],
      "user_defined" : false,
      "readonly" : false,
      "uiOnly" : false,
      "displayOrdinal" : 302,
      "multiline" : false,
      "name" : "_isolation_level",
      "multichoice" : false
    }, {
      "hidden" : false,
      "masked" : false,
      "description" : "Additional Kafka Client configuration options. Depending on the context in which Kafka Connector stage is used, either Kafka Producer or Kafka Consumer properties should be provided. The value of this multiline property must conform Java Properties class requirements.",
      "displayGroup" : "advancedkafkasettings",
      "label" : "Client configuration properties",
      "type" : "string",
      "supported_products" : [ "catalog", "cpd", "datarefinery", "datastage_connection", "datastage_scapi", "ml", "replication", "studio" ],
      "required" : false,
      "tags" : [ "advancedkafkasettings" ],
      "user_defined" : false,
      "readonly" : false,
      "uiOnly" : false,
      "displayOrdinal" : 201,
      "multiline" : true,
      "name" : "_kafka_config_options",
      "multichoice" : false
    }, {
      "hidden" : false,
      "masked" : false,
      "values" : [ {
        "label" : "Avro",
        "value" : "avro"
      }, {
        "label" : "Avro as JSON",
        "value" : "avro_to_json"
      }, {
        "label" : "Byte",
        "value" : "byte"
      }, {
        "label" : "Double",
        "value" : "double"
      }, {
        "label" : "Integer",
        "value" : "integer"
      }, {
        "label" : "Small Integer",
        "value" : "small_integer"
      }, {
        "label" : "String",
        "value" : "string"
      } ],
      "description" : "Specify the type of data key to use appropriate serializer or deserializer",
      "displayGroup" : "advancedkafkasettings",
      "default_value" : "string",
      "label" : "Key serializer",
      "type" : "enum",
      "supported_products" : [ "catalog", "cpd", "datarefinery", "datastage_connection", "datastage_scapi", "ml", "replication", "studio" ],
      "required" : false,
      "tags" : [ "advancedkafkasettings" ],
      "user_defined" : false,
      "readonly" : false,
      "uiOnly" : false,
      "displayOrdinal" : 80,
      "multiline" : false,
      "name" : "_key_serializer_type",
      "multichoice" : false
    }, {
      "hidden" : false,
      "masked" : false,
      "description" : "Total number of messages",
      "displayGroup" : "terminationcondition",
      "label" : "Total number of messages",
      "type" : "integer",
      "supported_products" : [ "catalog", "cpd", "datarefinery", "datastage_connection", "datastage_scapi", "ml", "replication", "studio" ],
      "required" : false,
      "tags" : [ "terminationcondition" ],
      "user_defined" : false,
      "readonly" : false,
      "uiOnly" : false,
      "displayOrdinal" : 202,
      "multiline" : false,
      "name" : "_max_messages",
      "multichoice" : false
    }, {
      "hidden" : false,
      "masked" : false,
      "description" : "Maximum records to be fetched in a single poll.",
      "displayGroup" : "consumerconfig",
      "default_value" : "100",
      "label" : "Messages read within single request",
      "type" : "integer",
      "supported_products" : [ "catalog", "cpd", "datarefinery", "datastage_connection", "datastage_scapi", "ml", "replication", "studio" ],
      "required" : false,
      "tags" : [ "consumerconfig" ],
      "user_defined" : false,
      "readonly" : false,
      "uiOnly" : false,
      "displayOrdinal" : 300,
      "multiline" : false,
      "name" : "_max_poll_records",
      "multichoice" : false
    }, {
      "hidden" : false,
      "masked" : false,
      "values" : [ {
        "label" : "Earliest",
        "value" : "earliest"
      }, {
        "label" : "Latest",
        "value" : "latest"
      } ],
      "description" : "Set reset policy (must be either 'earliest', 'latest' (default: latest)",
      "displayGroup" : "consumerconfig",
      "default_value" : "latest",
      "label" : "Reset policy",
      "type" : "enum",
      "supported_products" : [ "catalog", "cpd", "datarefinery", "datastage_connection", "datastage_scapi", "ml", "replication", "studio" ],
      "required" : false,
      "tags" : [ "consumerconfig" ],
      "user_defined" : false,
      "readonly" : false,
      "uiOnly" : false,
      "displayOrdinal" : 301,
      "multiline" : false,
      "name" : "_reset_policy",
      "multichoice" : false
    }, {
      "hidden" : false,
      "masked" : false,
      "description" : "Starting offset per each partition. [partition:offset,partition:offset,...] or [offset,offset,offset]",
      "displayGroup" : "consumerconfig",
      "label" : "Kafka start offset",
      "type" : "string",
      "supported_products" : [ "catalog", "cpd", "datarefinery", "datastage_connection", "datastage_scapi", "ml", "replication", "studio" ],
      "required" : false,
      "tags" : [ "consumerconfig" ],
      "user_defined" : false,
      "readonly" : false,
      "uiOnly" : false,
      "displayOrdinal" : 303,
      "multiline" : false,
      "name" : "_start_offset",
      "multichoice" : false
    }, {
      "hidden" : false,
      "masked" : false,
      "description" : "Regular expression, which if matched, will stop continuous mode",
      "displayGroup" : "terminationcondition",
      "label" : "Stop message pattern",
      "type" : "string",
      "supported_products" : [ "catalog", "cpd", "datarefinery", "datastage_connection", "datastage_scapi", "ml", "replication", "studio" ],
      "required" : false,
      "tags" : [ "terminationcondition" ],
      "user_defined" : false,
      "readonly" : false,
      "uiOnly" : false,
      "displayOrdinal" : 203,
      "multiline" : false,
      "name" : "_stop_message",
      "multichoice" : false
    }, {
      "hidden" : false,
      "masked" : false,
      "description" : "Specify the time in seconds after which the consumer would not poll for records.",
      "displayGroup" : "terminationcondition",
      "label" : "Overall job execution time (secs)",
      "type" : "integer",
      "supported_products" : [ "catalog", "cpd", "datarefinery", "datastage_connection", "datastage_scapi", "ml", "replication", "studio" ],
      "required" : false,
      "tags" : [ "terminationcondition" ],
      "user_defined" : false,
      "readonly" : false,
      "uiOnly" : false,
      "displayOrdinal" : 200,
      "multiline" : false,
      "name" : "_timeout",
      "multichoice" : false
    }, {
      "hidden" : false,
      "masked" : false,
      "description" : "Timeout after last message (secs)",
      "displayGroup" : "terminationcondition",
      "default_value" : "30",
      "label" : "Timeout after last message (secs)",
      "type" : "integer",
      "supported_products" : [ "catalog", "cpd", "datarefinery", "datastage_connection", "datastage_scapi", "ml", "replication", "studio" ],
      "required" : false,
      "tags" : [ "terminationcondition" ],
      "user_defined" : false,
      "readonly" : false,
      "uiOnly" : false,
      "displayOrdinal" : 201,
      "multiline" : false,
      "name" : "_timeout_after_last_message",
      "multichoice" : false
    }, {
      "hidden" : false,
      "masked" : false,
      "values" : [ {
        "label" : "Avro",
        "value" : "avro"
      }, {
        "label" : "Avro as JSON",
        "value" : "avro_to_json"
      }, {
        "label" : "Byte",
        "value" : "byte"
      }, {
        "label" : "Double",
        "value" : "double"
      }, {
        "label" : "Integer",
        "value" : "integer"
      }, {
        "label" : "Small Integer",
        "value" : "small_integer"
      }, {
        "label" : "String",
        "value" : "string"
      } ],
      "description" : "Specify the type of data to use appropriate serializer or deserializer",
      "displayGroup" : "advancedkafkasettings",
      "default_value" : "string",
      "label" : "Value serializer",
      "type" : "enum",
      "supported_products" : [ "catalog", "cpd", "datarefinery", "datastage_connection", "datastage_scapi", "ml", "replication", "studio" ],
      "required" : false,
      "tags" : [ "advancedkafkasettings" ],
      "user_defined" : false,
      "readonly" : false,
      "uiOnly" : false,
      "displayOrdinal" : 90,
      "multiline" : false,
      "name" : "_value_serializer_type",
      "multichoice" : false
    }, {
      "hidden" : false,
      "masked" : false,
      "values" : [ {
        "label" : "Keep severity",
        "value" : "keep_severity"
      }, {
        "label" : "Log as informational",
        "value" : "log_as_informational"
      }, {
        "label" : "Log as waring",
        "value" : "log_as_warning"
      } ],
      "description" : "Warning and error log entries",
      "displayGroup" : "advancedkafkasettings",
      "default_value" : "log_as_informational",
      "label" : "Warning and error log entries",
      "type" : "enum",
      "supported_products" : [ "catalog", "cpd", "datarefinery", "datastage_connection", "datastage_scapi", "ml", "replication", "studio" ],
      "required" : false,
      "tags" : [ "advancedkafkasettings" ],
      "user_defined" : false,
      "readonly" : false,
      "uiOnly" : false,
      "displayOrdinal" : 102,
      "multiline" : false,
      "name" : "_warn_and_error_log",
      "multichoice" : false
    }, {
      "hidden" : false,
      "masked" : false,
      "description" : "Additional Kafka Client configuration options. Depending on the context in which Kafka Connector stage is used, either Kafka Producer or Kafka Consumer properties should be provided. The value of this multiline property must conform Java Properties class requirements.",
      "displayGroup" : "advancedkafkaconfiguration",
      "label" : "Client configuration properties",
      "type" : "string",
      "supported_products" : [ "cpd", "datastage" ],
      "required" : false,
      "user_defined" : false,
      "readonly" : false,
      "uiOnly" : false,
      "displayOrdinal" : 100,
      "multiline" : true,
      "name" : "advanced_kafka_config_options",
      "multichoice" : false
    }, {
      "hidden" : false,
      "masked" : false,
      "description" : "Consumer group name to be used when reading messages from Kafka topic.",
      "displayGroup" : "general",
      "label" : "Consumer group",
      "type" : "string",
      "supported_products" : [ "cpd", "datastage" ],
      "required" : false,
      "user_defined" : false,
      "readonly" : false,
      "uiOnly" : false,
      "displayOrdinal" : 400,
      "multiline" : false,
      "name" : "consumer_group_name",
      "multichoice" : false
    }, {
      "hidden" : false,
      "masked" : false,
      "description" : "Choose continuous mode on or off",
      "displayGroup" : "general",
      "default_value" : "false",
      "label" : "Continuous mode",
      "type" : "boolean",
      "supported_products" : [ "cpd", "datastage" ],
      "required" : false,
      "user_defined" : false,
      "readonly" : false,
      "uiOnly" : false,
      "displayOrdinal" : 800,
      "multiline" : false,
      "name" : "continuous_mode",
      "multichoice" : false
    }, {
      "hidden" : false,
      "masked" : false,
      "description" : "Specify whether to insert EOW marker for the final set of records when their number is smaller than the value specified for the transaction record count. Note that if the specified transaction record count value is 0 (representing all available records), there is only one transaction wave which consists of all the records, and so the End of data value should be set to Yes in order for EOW marker to be inserted for that transaction wave",
      "displayGroup" : "transaction",
      "default_value" : "false",
      "label" : "End of data",
      "type" : "boolean",
      "supported_products" : [ "cpd", "datastage" ],
      "required" : false,
      "user_defined" : false,
      "readonly" : false,
      "uiOnly" : false,
      "displayOrdinal" : 400,
      "multiline" : false,
      "name" : "end_of_data",
      "multichoice" : false
    }, {
      "hidden" : false,
      "masked" : false,
      "description" : "Specify whether to insert EOW marker",
      "displayGroup" : "transaction",
      "default_value" : "false",
      "label" : "End of wave",
      "type" : "boolean",
      "supported_products" : [ "cpd", "datastage" ],
      "required" : false,
      "user_defined" : false,
      "readonly" : false,
      "uiOnly" : false,
      "displayOrdinal" : 300,
      "multiline" : false,
      "name" : "end_of_wave",
      "multichoice" : false
    }, {
      "hidden" : false,
      "masked" : false,
      "description" : "Specify the maximum Java Virtual Machine heap size in megabytes.",
      "displayGroup" : "javasettings",
      "default_value" : "256",
      "label" : "Heap size",
      "type" : "integer",
      "supported_products" : [ "cpd", "datastage" ],
      "required" : false,
      "user_defined" : false,
      "readonly" : false,
      "uiOnly" : false,
      "displayOrdinal" : 100,
      "multiline" : false,
      "name" : "heap_size",
      "multichoice" : false
    }, {
      "hidden" : false,
      "masked" : false,
      "values" : [ {
        "label" : "Read committed",
        "value" : "read_committed"
      }, {
        "label" : "Read uncommitted",
        "value" : "read_uncommitted"
      } ],
      "description" : "Kafka isolation level for messages written transactionally. Read commited will only fetch commited messages, Read uncommitted will fetch all of them.",
      "displayGroup" : "general",
      "default_value" : "read_uncommitted",
      "label" : "Isolation level",
      "type" : "enum",
      "supported_products" : [ "cpd", "datastage" ],
      "required" : false,
      "user_defined" : false,
      "readonly" : false,
      "uiOnly" : false,
      "displayOrdinal" : 1100,
      "multiline" : false,
      "name" : "isolation_level",
      "multichoice" : false
    }, {
      "hidden" : false,
      "masked" : false,
      "values" : [ {
        "label" : "DEBUG",
        "value" : "debug"
      }, {
        "label" : "ERROR",
        "value" : "error"
      }, {
        "label" : "FATAL",
        "value" : "fatal"
      }, {
        "label" : "INFO",
        "value" : "info"
      }, {
        "label" : "OFF",
        "value" : "off"
      }, {
        "label" : "TRACE",
        "value" : "trace"
      }, {
        "label" : "WARN",
        "value" : "warn"
      } ],
      "description" : "Minimum logging level of messages from Kafka Client that will be written in the job log. Each entry that is read from Kafka Client has special prefix [KAFKA].",
      "displayGroup" : "advancedkafkaconfiguration",
      "default_value" : "off",
      "label" : "Logging level",
      "type" : "enum",
      "supported_products" : [ "cpd", "datastage" ],
      "required" : false,
      "user_defined" : false,
      "readonly" : false,
      "uiOnly" : false,
      "displayOrdinal" : 200,
      "multiline" : false,
      "name" : "kafka_client_logging_level",
      "multichoice" : false
    }, {
      "hidden" : true,
      "masked" : false,
      "description" : "Additional config options which can be set.",
      "displayGroup" : "general",
      "label" : "Kafka config options",
      "type" : "string",
      "supported_products" : [ "cpd", "datastage" ],
      "required" : false,
      "user_defined" : false,
      "readonly" : false,
      "uiOnly" : false,
      "displayOrdinal" : 1300,
      "multiline" : false,
      "name" : "kafka_config_options",
      "multichoice" : false
    }, {
      "hidden" : false,
      "masked" : false,
      "values" : [ {
        "label" : "Keep severity",
        "value" : "keep_severity"
      }, {
        "label" : "Log as informational",
        "value" : "log_as_informational"
      }, {
        "label" : "Log as warning",
        "value" : "log_as_warning"
      } ],
      "description" : "Defines how messages with severity higher than WARN (WARN, ERROR, FATAL) will be written in the job log.",
      "displayGroup" : "advancedkafkaconfiguration",
      "default_value" : "log_as_informational",
      "label" : "Warning and error log entries",
      "type" : "enum",
      "supported_products" : [ "cpd", "datastage" ],
      "required" : false,
      "user_defined" : false,
      "readonly" : false,
      "uiOnly" : false,
      "displayOrdinal" : 300,
      "multiline" : false,
      "name" : "kafka_warning_and_error_logs",
      "multichoice" : false
    }, {
      "hidden" : false,
      "masked" : false,
      "values" : [ {
        "label" : "Avro",
        "value" : "avro"
      }, {
        "label" : "Avro as JSON",
        "value" : "avro_to_json"
      }, {
        "label" : "Byte",
        "value" : "byte"
      }, {
        "label" : "Double",
        "value" : "double"
      }, {
        "label" : "Integer",
        "value" : "integer"
      }, {
        "label" : "Small Integer",
        "value" : "small_integer"
      }, {
        "label" : "String",
        "value" : "string"
      } ],
      "description" : "Specify the type of data key to use appropriate serializer or deserializer",
      "displayGroup" : "general",
      "default_value" : "string",
      "label" : "Key serializer",
      "type" : "enum",
      "supported_products" : [ "cpd", "datastage" ],
      "required" : false,
      "user_defined" : false,
      "readonly" : false,
      "uiOnly" : false,
      "displayOrdinal" : 200,
      "multiline" : false,
      "name" : "key_serializer_type",
      "multichoice" : false
    }, {
      "hidden" : false,
      "masked" : false,
      "description" : "Maximum number of messages to be produced to the topic on a per player process basis. This should be a multiple of max poll records.",
      "displayGroup" : "general",
      "default_value" : "100",
      "label" : "Max messages",
      "type" : "integer",
      "supported_products" : [ "cpd", "datastage" ],
      "required" : false,
      "user_defined" : false,
      "readonly" : false,
      "uiOnly" : false,
      "displayOrdinal" : 600,
      "multiline" : false,
      "name" : "max_messages",
      "multichoice" : false
    }, {
      "hidden" : false,
      "masked" : false,
      "description" : "Maximum records to be fetched in a single poll.",
      "displayGroup" : "general",
      "default_value" : "100",
      "label" : "Max poll records",
      "type" : "integer",
      "supported_products" : [ "cpd", "datastage" ],
      "required" : false,
      "user_defined" : false,
      "readonly" : false,
      "uiOnly" : false,
      "displayOrdinal" : 500,
      "multiline" : false,
      "name" : "max_poll_records",
      "multichoice" : false
    }, {
      "hidden" : false,
      "masked" : false,
      "description" : "Number of records per transaction. The value 0 means all available records",
      "displayGroup" : "transaction",
      "default_value" : "0",
      "label" : "Record count",
      "type" : "integer",
      "supported_products" : [ "cpd", "datastage" ],
      "required" : false,
      "user_defined" : false,
      "readonly" : false,
      "uiOnly" : false,
      "displayOrdinal" : 100,
      "multiline" : false,
      "name" : "record_count",
      "multichoice" : false
    }, {
      "hidden" : false,
      "masked" : false,
      "description" : "Certificates chain for private key in the PEM format. Only X.509 certificates are supported.",
      "displayGroup" : "schemaregistry",
      "label" : "Key certificates chain",
      "type" : "string",
      "supported_products" : [ "cpd", "datastage" ],
      "required" : false,
      "user_defined" : false,
      "readonly" : false,
      "uiOnly" : false,
      "displayOrdinal" : 1100,
      "multiline" : true,
      "name" : "registry_key_chain_pem",
      "multichoice" : false
    }, {
      "hidden" : false,
      "masked" : true,
      "description" : "Password for key",
      "displayGroup" : "schemaregistry",
      "label" : "Key password",
      "type" : "string",
      "supported_products" : [ "cpd", "datastage" ],
      "required" : false,
      "user_defined" : false,
      "readonly" : false,
      "uiOnly" : false,
      "displayOrdinal" : 1200,
      "multiline" : false,
      "name" : "registry_key_password",
      "multichoice" : false,
      "supported_environments" : [ "private" ]
    }, {
      "hidden" : false,
      "masked" : false,
      "description" : "Private key in the PEM format. Only PKCS#8 keys are supported. If the key is encrypted, key password must be specified using 'Key password' property.",
      "displayGroup" : "schemaregistry",
      "label" : "Key",
      "type" : "string",
      "supported_products" : [ "cpd", "datastage" ],
      "required" : false,
      "user_defined" : false,
      "readonly" : false,
      "uiOnly" : false,
      "displayOrdinal" : 1000,
      "multiline" : true,
      "name" : "registry_key_pem",
      "multichoice" : false
    }, {
      "hidden" : false,
      "masked" : false,
      "description" : "Location of schema registry keystore file",
      "displayGroup" : "schemaregistry",
      "label" : "Keystore location",
      "type" : "string",
      "supported_products" : [ "cpd", "datastage" ],
      "required" : false,
      "user_defined" : false,
      "readonly" : false,
      "uiOnly" : false,
      "displayOrdinal" : 600,
      "multiline" : false,
      "name" : "registry_keystore_location",
      "multichoice" : false,
      "supported_environments" : [ "private" ]
    }, {
      "hidden" : false,
      "masked" : true,
      "description" : "Password for keystore file",
      "displayGroup" : "schemaregistry",
      "label" : "Keystore password",
      "type" : "string",
      "supported_products" : [ "cpd", "datastage" ],
      "required" : false,
      "user_defined" : false,
      "readonly" : false,
      "uiOnly" : false,
      "displayOrdinal" : 700,
      "multiline" : false,
      "name" : "registry_keystore_password",
      "multichoice" : false,
      "supported_environments" : [ "private" ]
    }, {
      "hidden" : false,
      "masked" : false,
      "description" : "Keytab",
      "displayGroup" : "schemaregistry",
      "label" : "Keytab",
      "type" : "string",
      "supported_products" : [ "cpd", "datastage" ],
      "required" : false,
      "user_defined" : false,
      "readonly" : false,
      "uiOnly" : false,
      "displayOrdinal" : 900,
      "multiline" : false,
      "name" : "registry_keytab",
      "multichoice" : false,
      "supported_environments" : [ "private" ]
    }, {
      "hidden" : false,
      "masked" : true,
      "description" : "Password",
      "displayGroup" : "schemaregistry",
      "label" : "Password",
      "type" : "string",
      "supported_products" : [ "cpd", "datastage" ],
      "required" : false,
      "user_defined" : false,
      "readonly" : false,
      "uiOnly" : false,
      "displayOrdinal" : 240,
      "multiline" : false,
      "name" : "registry_password",
      "multichoice" : false
    }, {
      "hidden" : false,
      "masked" : false,
      "description" : "Specify the user name to be use to connect to the kerberized schema registry. If left blank, value is read from 'User Principal name' field of Kafka broker connection.",
      "displayGroup" : "schemaregistry",
      "label" : "User Principal name",
      "type" : "string",
      "supported_products" : [ "cpd", "datastage" ],
      "required" : false,
      "user_defined" : false,
      "readonly" : false,
      "uiOnly" : false,
      "displayOrdinal" : 850,
      "multiline" : false,
      "name" : "registry_principal_name",
      "multichoice" : false,
      "supported_environments" : [ "private" ]
    }, {
      "hidden" : false,
      "masked" : false,
      "description" : "Location of Schema registry truststore file",
      "displayGroup" : "schemaregistry",
      "label" : "Truststore location",
      "type" : "string",
      "supported_products" : [ "cpd", "datastage" ],
      "required" : false,
      "user_defined" : false,
      "readonly" : false,
      "uiOnly" : false,
      "displayOrdinal" : 400,
      "multiline" : false,
      "name" : "registry_trust_location",
      "multichoice" : false,
      "supported_environments" : [ "private" ]
    }, {
      "hidden" : false,
      "masked" : true,
      "description" : "Password for truststore file",
      "displayGroup" : "schemaregistry",
      "label" : "Truststore password",
      "type" : "string",
      "supported_products" : [ "cpd", "datastage" ],
      "required" : false,
      "user_defined" : false,
      "readonly" : false,
      "uiOnly" : false,
      "displayOrdinal" : 500,
      "multiline" : false,
      "name" : "registry_trust_password",
      "multichoice" : false,
      "supported_environments" : [ "private" ]
    }, {
      "hidden" : false,
      "masked" : false,
      "description" : "Trusted certificates in the PEM format. Only X.509 certificates are supported.",
      "displayGroup" : "schemaregistry",
      "label" : "Truststore certificates",
      "type" : "string",
      "supported_products" : [ "cpd", "datastage" ],
      "required" : false,
      "user_defined" : false,
      "readonly" : false,
      "uiOnly" : false,
      "displayOrdinal" : 800,
      "multiline" : true,
      "name" : "registry_truststore_pem",
      "multichoice" : false
    }, {
      "hidden" : false,
      "masked" : false,
      "description" : "User name",
      "displayGroup" : "schemaregistry",
      "label" : "User name",
      "type" : "string",
      "supported_products" : [ "cpd", "datastage" ],
      "required" : false,
      "user_defined" : false,
      "readonly" : false,
      "uiOnly" : false,
      "displayOrdinal" : 230,
      "multiline" : false,
      "name" : "registry_username",
      "multichoice" : false
    }, {
      "hidden" : false,
      "masked" : false,
      "values" : [ {
        "label" : "Earliest",
        "value" : "earliest"
      }, {
        "label" : "Latest",
        "value" : "latest"
      } ],
      "description" : "Set reset policy (must be either 'earliest', 'latest' (default: latest)",
      "displayGroup" : "general",
      "default_value" : "earliest",
      "label" : "Reset policy",
      "type" : "enum",
      "supported_products" : [ "cpd", "datastage" ],
      "required" : false,
      "user_defined" : false,
      "readonly" : false,
      "uiOnly" : false,
      "displayOrdinal" : 700,
      "multiline" : false,
      "name" : "reset_policy",
      "multichoice" : false
    }, {
      "hidden" : true,
      "masked" : false,
      "description" : "The maximum number of rows to return",
      "displayGroup" : "consumerconfig",
      "label" : "Row limit",
      "type" : "integer",
      "supported_products" : [ "catalog", "cpd", "datarefinery", "datastage_connection", "datastage_scapi", "ml", "replication", "studio" ],
      "required" : false,
      "user_defined" : false,
      "readonly" : false,
      "uiOnly" : false,
      "displayOrdinal" : 10,
      "multiline" : false,
      "name" : "row_limit",
      "multichoice" : false,
      "placeholder" : "1000"
    }, {
      "hidden" : false,
      "masked" : false,
      "values" : [ {
        "label" : "None",
        "value" : "none"
      }, {
        "label" : "Use Kafka server SASL user credentials",
        "value" : "reuse_sasl_credentials"
      }, {
        "label" : "User credentials",
        "value" : "user_credentials"
      } ],
      "description" : "Select option to provide credentials for authentication",
      "displayGroup" : "schemaregistry",
      "default_value" : "none",
      "label" : "Authentication",
      "type" : "enum",
      "supported_products" : [ "cpd", "datastage" ],
      "required" : false,
      "user_defined" : false,
      "readonly" : false,
      "uiOnly" : false,
      "displayOrdinal" : 220,
      "multiline" : false,
      "name" : "schema_registry_authentication",
      "multichoice" : false
    }, {
      "hidden" : false,
      "masked" : false,
      "values" : [ {
        "label" : "Kerberos",
        "supported_environments" : [ "private" ],
        "value" : "kerberos"
      }, {
        "label" : "None",
        "value" : "none"
      }, {
        "label" : "SSL",
        "value" : "ssl"
      }, {
        "label" : "Use Kafka server SSL connection settings",
        "value" : "reuse_ssl"
      } ],
      "description" : "Select type of secure connection to schema registry",
      "displayGroup" : "schemaregistry",
      "default_value" : "none",
      "label" : "Secure connection",
      "type" : "enum",
      "supported_products" : [ "cpd", "datastage" ],
      "required" : false,
      "user_defined" : false,
      "readonly" : false,
      "uiOnly" : false,
      "displayOrdinal" : 300,
      "multiline" : false,
      "name" : "schema_registry_secure",
      "multichoice" : false
    }, {
      "hidden" : false,
      "masked" : false,
      "values" : [ {
        "label" : "Cloudera",
        "value" : "cloudera"
      }, {
        "label" : "Confluent",
        "value" : "confluent"
      } ],
      "description" : "Select type of schema registry service",
      "displayGroup" : "schemaregistry",
      "default_value" : "confluent",
      "label" : "Schema Registry type",
      "type" : "enum",
      "supported_products" : [ "cpd", "datastage" ],
      "required" : false,
      "user_defined" : false,
      "readonly" : false,
      "uiOnly" : false,
      "displayOrdinal" : 100,
      "multiline" : false,
      "name" : "schema_registry_type",
      "multichoice" : false,
      "supported_environments" : [ "private" ]
    }, {
      "hidden" : false,
      "masked" : false,
      "description" : "Specify schema registry service URL",
      "displayGroup" : "schemaregistry",
      "label" : "Registry URL",
      "type" : "string",
      "supported_products" : [ "cpd", "datastage" ],
      "required" : false,
      "user_defined" : false,
      "readonly" : false,
      "uiOnly" : false,
      "displayOrdinal" : 200,
      "multiline" : false,
      "name" : "schema_registry_url",
      "multichoice" : false
    }, {
      "hidden" : false,
      "masked" : false,
      "description" : "Starting offset per each partition. [partition:offset,partition:offset,...] or [offset,offset,offset]",
      "displayGroup" : "general",
      "label" : "Kafka start offset",
      "type" : "string",
      "supported_products" : [ "cpd", "datastage" ],
      "required" : false,
      "user_defined" : false,
      "readonly" : false,
      "uiOnly" : false,
      "displayOrdinal" : 1200,
      "multiline" : false,
      "name" : "start_offset",
      "multichoice" : false
    }, {
      "hidden" : false,
      "masked" : false,
      "description" : "Regular expression, which if matched, will stop continuous mode",
      "displayGroup" : "general",
      "label" : "Stop message",
      "type" : "string",
      "supported_products" : [ "cpd", "datastage" ],
      "required" : false,
      "user_defined" : false,
      "readonly" : false,
      "uiOnly" : false,
      "displayOrdinal" : 900,
      "multiline" : false,
      "name" : "stop_message",
      "multichoice" : false
    }, {
      "hidden" : false,
      "masked" : false,
      "description" : "Time interval for transaction",
      "displayGroup" : "transaction",
      "default_value" : "0",
      "label" : "Time interval",
      "type" : "integer",
      "supported_products" : [ "cpd", "datastage" ],
      "required" : false,
      "user_defined" : false,
      "readonly" : false,
      "uiOnly" : false,
      "displayOrdinal" : 200,
      "multiline" : false,
      "name" : "time_interval",
      "multichoice" : false
    }, {
      "hidden" : false,
      "masked" : false,
      "description" : "Specify the time in seconds after which the consumer would not poll for records.",
      "displayGroup" : "general",
      "default_value" : "30",
      "label" : "Timeout (secs)",
      "type" : "integer",
      "supported_products" : [ "cpd", "datastage" ],
      "required" : false,
      "user_defined" : false,
      "readonly" : false,
      "uiOnly" : false,
      "displayOrdinal" : 1000,
      "multiline" : false,
      "name" : "timeout",
      "multichoice" : false
    }, {
      "hidden" : false,
      "masked" : false,
      "description" : "Kafka topic name.",
      "displayGroup" : "general",
      "label" : "Topic name",
      "type" : "string",
      "required" : true,
      "user_defined" : false,
      "readonly" : false,
      "uiOnly" : false,
      "displayOrdinal" : 100,
      "multiline" : false,
      "name" : "topic_name",
      "multichoice" : false
    }, {
      "hidden" : false,
      "masked" : false,
      "values" : [ {
        "label" : "Avro",
        "value" : "avro"
      }, {
        "label" : "Avro as JSON",
        "value" : "avro_to_json"
      }, {
        "label" : "Byte",
        "value" : "byte"
      }, {
        "label" : "Double",
        "value" : "double"
      }, {
        "label" : "Integer",
        "value" : "integer"
      }, {
        "label" : "Small Integer",
        "value" : "small_integer"
      }, {
        "label" : "String",
        "value" : "string"
      } ],
      "description" : "Specify the type of data to use appropriate serializer or deserializer",
      "displayGroup" : "general",
      "default_value" : "string",
      "label" : "Value serializer",
      "type" : "enum",
      "supported_products" : [ "cpd", "datastage" ],
      "required" : false,
      "user_defined" : false,
      "readonly" : false,
      "uiOnly" : false,
      "displayOrdinal" : 300,
      "multiline" : false,
      "name" : "value_serializer_type",
      "multichoice" : false
    } ],
    "target" : [ {
      "hidden" : false,
      "masked" : false,
      "description" : "Advanced Kafka Client logging",
      "displayGroup" : "advancedkafkasettings",
      "default_value" : "false",
      "label" : "Advanced Kafka Client logging",
      "type" : "boolean",
      "supported_products" : [ "catalog", "cpd", "datarefinery", "datastage_connection", "datastage_scapi", "ml", "replication", "studio" ],
      "required" : false,
      "tags" : [ "advancedkafkasettings" ],
      "user_defined" : false,
      "readonly" : false,
      "uiOnly" : false,
      "displayOrdinal" : 100,
      "multiline" : false,
      "name" : "_advanced_client_logging",
      "multichoice" : false
    }, {
      "hidden" : false,
      "masked" : false,
      "description" : "Advanced Kafka Client configuration",
      "displayGroup" : "advancedkafkasettings",
      "default_value" : "false",
      "label" : "Advanced Kafka Client configuration",
      "type" : "boolean",
      "supported_products" : [ "catalog", "cpd", "datarefinery", "datastage_connection", "datastage_scapi", "ml", "replication", "studio" ],
      "required" : false,
      "tags" : [ "advancedkafkasettings" ],
      "user_defined" : false,
      "readonly" : false,
      "uiOnly" : false,
      "displayOrdinal" : 200,
      "multiline" : false,
      "name" : "_advanced_kafka_config_options",
      "multichoice" : false
    }, {
      "hidden" : false,
      "masked" : false,
      "values" : [ {
        "label" : "DEBUG",
        "value" : "debug"
      }, {
        "label" : "ERROR",
        "value" : "error"
      }, {
        "label" : "FATAL",
        "value" : "fatal"
      }, {
        "label" : "INFO",
        "value" : "info"
      }, {
        "label" : "OFF",
        "value" : "off"
      }, {
        "label" : "TRACE",
        "value" : "trace"
      }, {
        "label" : "WARN",
        "value" : "warn"
      } ],
      "description" : "Logging level",
      "displayGroup" : "advancedkafkasettings",
      "default_value" : "off",
      "label" : "Logging level",
      "type" : "enum",
      "supported_products" : [ "catalog", "cpd", "datarefinery", "datastage_connection", "datastage_scapi", "ml", "replication", "studio" ],
      "required" : false,
      "tags" : [ "advancedkafkasettings" ],
      "user_defined" : false,
      "readonly" : false,
      "uiOnly" : false,
      "displayOrdinal" : 101,
      "multiline" : false,
      "name" : "_client_logging_level",
      "multichoice" : false
    }, {
      "hidden" : false,
      "masked" : false,
      "description" : "Additional Kafka Client configuration options. Depending on the context in which Kafka Connector stage is used, either Kafka Producer or Kafka Consumer properties should be provided. The value of this multiline property must conform Java Properties class requirements.",
      "displayGroup" : "advancedkafkasettings",
      "label" : "Client configuration properties",
      "type" : "string",
      "supported_products" : [ "catalog", "cpd", "datarefinery", "datastage_connection", "datastage_scapi", "ml", "replication", "studio" ],
      "required" : false,
      "tags" : [ "advancedkafkasettings" ],
      "user_defined" : false,
      "readonly" : false,
      "uiOnly" : false,
      "displayOrdinal" : 201,
      "multiline" : true,
      "name" : "_kafka_config_options",
      "multichoice" : false
    }, {
      "hidden" : false,
      "masked" : false,
      "values" : [ {
        "label" : "Avro",
        "value" : "avro"
      }, {
        "label" : "Avro as JSON",
        "value" : "avro_to_json"
      }, {
        "label" : "Byte",
        "value" : "byte"
      }, {
        "label" : "Double",
        "value" : "double"
      }, {
        "label" : "Integer",
        "value" : "integer"
      }, {
        "label" : "Small Integer",
        "value" : "small_integer"
      }, {
        "label" : "String",
        "value" : "string"
      } ],
      "description" : "Specify the type of data key to use appropriate serializer or deserializer",
      "displayGroup" : "advancedkafkasettings",
      "default_value" : "string",
      "label" : "Key serializer",
      "type" : "enum",
      "supported_products" : [ "catalog", "cpd", "datarefinery", "datastage_connection", "datastage_scapi", "ml", "replication", "studio" ],
      "required" : false,
      "tags" : [ "advancedkafkasettings" ],
      "user_defined" : false,
      "readonly" : false,
      "uiOnly" : false,
      "displayOrdinal" : 80,
      "multiline" : false,
      "name" : "_key_serializer_type",
      "multichoice" : false
    }, {
      "hidden" : false,
      "masked" : false,
      "values" : [ {
        "label" : "Avro",
        "value" : "avro"
      }, {
        "label" : "Avro as JSON",
        "value" : "avro_to_json"
      }, {
        "label" : "Byte",
        "value" : "byte"
      }, {
        "label" : "Double",
        "value" : "double"
      }, {
        "label" : "Integer",
        "value" : "integer"
      }, {
        "label" : "Small Integer",
        "value" : "small_integer"
      }, {
        "label" : "String",
        "value" : "string"
      } ],
      "description" : "Specify the type of data to use appropriate serializer or deserializer",
      "displayGroup" : "advancedkafkasettings",
      "default_value" : "string",
      "label" : "Value serializer",
      "type" : "enum",
      "supported_products" : [ "catalog", "cpd", "datarefinery", "datastage_connection", "datastage_scapi", "ml", "replication", "studio" ],
      "required" : false,
      "tags" : [ "advancedkafkasettings" ],
      "user_defined" : false,
      "readonly" : false,
      "uiOnly" : false,
      "displayOrdinal" : 90,
      "multiline" : false,
      "name" : "_value_serializer_type",
      "multichoice" : false
    }, {
      "hidden" : false,
      "masked" : false,
      "values" : [ {
        "label" : "Keep severity",
        "value" : "keep_severity"
      }, {
        "label" : "Log as informational",
        "value" : "log_as_informational"
      }, {
        "label" : "Log as waring",
        "value" : "log_as_warning"
      } ],
      "description" : "Warning and error log entries",
      "displayGroup" : "advancedkafkasettings",
      "default_value" : "log_as_informational",
      "label" : "Warning and error log entries",
      "type" : "enum",
      "supported_products" : [ "catalog", "cpd", "datarefinery", "datastage_connection", "datastage_scapi", "ml", "replication", "studio" ],
      "required" : false,
      "tags" : [ "advancedkafkasettings" ],
      "user_defined" : false,
      "readonly" : false,
      "uiOnly" : false,
      "displayOrdinal" : 102,
      "multiline" : false,
      "name" : "_warn_and_error_log",
      "multichoice" : false
    }, {
      "hidden" : false,
      "masked" : false,
      "description" : "Additional Kafka Client configuration options. Depending on the context in which Kafka Connector stage is used, either Kafka Producer or Kafka Consumer properties should be provided. The value of this multiline property must conform Java Properties class requirements.",
      "displayGroup" : "advancedkafkaconfiguration",
      "label" : "Client configuration properties",
      "type" : "string",
      "supported_products" : [ "cpd", "datastage" ],
      "required" : false,
      "user_defined" : false,
      "readonly" : false,
      "uiOnly" : false,
      "displayOrdinal" : 100,
      "multiline" : true,
      "name" : "advanced_kafka_config_options",
      "multichoice" : false
    }, {
      "hidden" : false,
      "masked" : false,
      "description" : "Specify the maximum Java Virtual Machine heap size in megabytes.",
      "displayGroup" : "javasettings",
      "default_value" : "256",
      "label" : "Heap size",
      "type" : "integer",
      "supported_products" : [ "cpd", "datastage" ],
      "required" : false,
      "user_defined" : false,
      "readonly" : false,
      "uiOnly" : false,
      "displayOrdinal" : 100,
      "multiline" : false,
      "name" : "heap_size",
      "multichoice" : false
    }, {
      "hidden" : false,
      "masked" : false,
      "values" : [ {
        "label" : "DEBUG",
        "value" : "debug"
      }, {
        "label" : "ERROR",
        "value" : "error"
      }, {
        "label" : "FATAL",
        "value" : "fatal"
      }, {
        "label" : "INFO",
        "value" : "info"
      }, {
        "label" : "OFF",
        "value" : "off"
      }, {
        "label" : "TRACE",
        "value" : "trace"
      }, {
        "label" : "WARN",
        "value" : "warn"
      } ],
      "description" : "Minimum logging level of messages from Kafka Client that will be written in the job log. Each entry that is read from Kafka Client has special prefix [KAFKA].",
      "displayGroup" : "advancedkafkaconfiguration",
      "default_value" : "off",
      "label" : "Logging level",
      "type" : "enum",
      "supported_products" : [ "cpd", "datastage" ],
      "required" : false,
      "user_defined" : false,
      "readonly" : false,
      "uiOnly" : false,
      "displayOrdinal" : 200,
      "multiline" : false,
      "name" : "kafka_client_logging_level",
      "multichoice" : false
    }, {
      "hidden" : true,
      "masked" : false,
      "description" : "Additional config options which can be set.",
      "displayGroup" : "general",
      "label" : "Kafka config options",
      "type" : "string",
      "supported_products" : [ "cpd", "datastage" ],
      "required" : false,
      "user_defined" : false,
      "readonly" : false,
      "uiOnly" : false,
      "displayOrdinal" : 400,
      "multiline" : false,
      "name" : "kafka_config_options",
      "multichoice" : false
    }, {
      "hidden" : false,
      "masked" : false,
      "values" : [ {
        "label" : "Keep severity",
        "value" : "keep_severity"
      }, {
        "label" : "Log as informational",
        "value" : "log_as_informational"
      }, {
        "label" : "Log as warning",
        "value" : "log_as_warning"
      } ],
      "description" : "Defines how messages with severity higher than WARN (WARN, ERROR, FATAL) will be written in the job log.",
      "displayGroup" : "advancedkafkaconfiguration",
      "default_value" : "log_as_informational",
      "label" : "Warning and error log entries",
      "type" : "enum",
      "supported_products" : [ "cpd", "datastage" ],
      "required" : false,
      "user_defined" : false,
      "readonly" : false,
      "uiOnly" : false,
      "displayOrdinal" : 300,
      "multiline" : false,
      "name" : "kafka_warning_and_error_logs",
      "multichoice" : false
    }, {
      "hidden" : false,
      "masked" : false,
      "values" : [ {
        "label" : "Avro",
        "value" : "avro"
      }, {
        "label" : "Avro as JSON",
        "value" : "avro_to_json"
      }, {
        "label" : "Byte",
        "value" : "byte"
      }, {
        "label" : "Double",
        "value" : "double"
      }, {
        "label" : "Integer",
        "value" : "integer"
      }, {
        "label" : "Small Integer",
        "value" : "small_integer"
      }, {
        "label" : "String",
        "value" : "string"
      } ],
      "description" : "Specify the type of data key to use appropriate serializer or deserializer",
      "displayGroup" : "general",
      "default_value" : "string",
      "label" : "Key serializer",
      "type" : "enum",
      "supported_products" : [ "cpd", "datastage" ],
      "required" : false,
      "user_defined" : false,
      "readonly" : false,
      "uiOnly" : false,
      "displayOrdinal" : 200,
      "multiline" : false,
      "name" : "key_serializer_type",
      "multichoice" : false
    }, {
      "hidden" : false,
      "masked" : false,
      "description" : "Certificates chain for private key in the PEM format. Only X.509 certificates are supported.",
      "displayGroup" : "schemaregistry",
      "label" : "Key certificates chain",
      "type" : "string",
      "supported_products" : [ "cpd", "datastage" ],
      "required" : false,
      "user_defined" : false,
      "readonly" : false,
      "uiOnly" : false,
      "displayOrdinal" : 1100,
      "multiline" : true,
      "name" : "registry_key_chain_pem",
      "multichoice" : false
    }, {
      "hidden" : false,
      "masked" : true,
      "description" : "Password for key",
      "displayGroup" : "schemaregistry",
      "label" : "Key password",
      "type" : "string",
      "supported_products" : [ "cpd", "datastage" ],
      "required" : false,
      "user_defined" : false,
      "readonly" : false,
      "uiOnly" : false,
      "displayOrdinal" : 1200,
      "multiline" : false,
      "name" : "registry_key_password",
      "multichoice" : false,
      "supported_environments" : [ "private" ]
    }, {
      "hidden" : false,
      "masked" : false,
      "description" : "Private key in the PEM format. Only PKCS#8 keys are supported. If the key is encrypted, key password must be specified using 'Key password' property.",
      "displayGroup" : "schemaregistry",
      "label" : "Key",
      "type" : "string",
      "supported_products" : [ "cpd", "datastage" ],
      "required" : false,
      "user_defined" : false,
      "readonly" : false,
      "uiOnly" : false,
      "displayOrdinal" : 1000,
      "multiline" : true,
      "name" : "registry_key_pem",
      "multichoice" : false
    }, {
      "hidden" : false,
      "masked" : false,
      "description" : "Location of schema registry keystore file",
      "displayGroup" : "schemaregistry",
      "label" : "Keystore location",
      "type" : "string",
      "supported_products" : [ "cpd", "datastage" ],
      "required" : false,
      "user_defined" : false,
      "readonly" : false,
      "uiOnly" : false,
      "displayOrdinal" : 600,
      "multiline" : false,
      "name" : "registry_keystore_location",
      "multichoice" : false,
      "supported_environments" : [ "private" ]
    }, {
      "hidden" : false,
      "masked" : true,
      "description" : "Password for keystore file",
      "displayGroup" : "schemaregistry",
      "label" : "Keystore password",
      "type" : "string",
      "supported_products" : [ "cpd", "datastage" ],
      "required" : false,
      "user_defined" : false,
      "readonly" : false,
      "uiOnly" : false,
      "displayOrdinal" : 700,
      "multiline" : false,
      "name" : "registry_keystore_password",
      "multichoice" : false,
      "supported_environments" : [ "private" ]
    }, {
      "hidden" : false,
      "masked" : false,
      "description" : "Keytab",
      "displayGroup" : "schemaregistry",
      "label" : "Keytab",
      "type" : "string",
      "supported_products" : [ "cpd", "datastage" ],
      "required" : false,
      "user_defined" : false,
      "readonly" : false,
      "uiOnly" : false,
      "displayOrdinal" : 900,
      "multiline" : false,
      "name" : "registry_keytab",
      "multichoice" : false,
      "supported_environments" : [ "private" ]
    }, {
      "hidden" : false,
      "masked" : true,
      "description" : "Password",
      "displayGroup" : "schemaregistry",
      "label" : "Password",
      "type" : "string",
      "supported_products" : [ "cpd", "datastage" ],
      "required" : false,
      "user_defined" : false,
      "readonly" : false,
      "uiOnly" : false,
      "displayOrdinal" : 240,
      "multiline" : false,
      "name" : "registry_password",
      "multichoice" : false
    }, {
      "hidden" : false,
      "masked" : false,
      "description" : "Specify the user name to be use to connect to the kerberized schema registry. If left blank, value is read from 'User Principal name' field of Kafka broker connection.",
      "displayGroup" : "schemaregistry",
      "label" : "User Principal name",
      "type" : "string",
      "supported_products" : [ "cpd", "datastage" ],
      "required" : false,
      "user_defined" : false,
      "readonly" : false,
      "uiOnly" : false,
      "displayOrdinal" : 850,
      "multiline" : false,
      "name" : "registry_principal_name",
      "multichoice" : false,
      "supported_environments" : [ "private" ]
    }, {
      "hidden" : false,
      "masked" : false,
      "description" : "Location of Schema registry truststore file",
      "displayGroup" : "schemaregistry",
      "label" : "Truststore location",
      "type" : "string",
      "supported_products" : [ "cpd", "datastage" ],
      "required" : false,
      "user_defined" : false,
      "readonly" : false,
      "uiOnly" : false,
      "displayOrdinal" : 400,
      "multiline" : false,
      "name" : "registry_trust_location",
      "multichoice" : false,
      "supported_environments" : [ "private" ]
    }, {
      "hidden" : false,
      "masked" : true,
      "description" : "Password for truststore file",
      "displayGroup" : "schemaregistry",
      "label" : "Truststore password",
      "type" : "string",
      "supported_products" : [ "cpd", "datastage" ],
      "required" : false,
      "user_defined" : false,
      "readonly" : false,
      "uiOnly" : false,
      "displayOrdinal" : 500,
      "multiline" : false,
      "name" : "registry_trust_password",
      "multichoice" : false,
      "supported_environments" : [ "private" ]
    }, {
      "hidden" : false,
      "masked" : false,
      "description" : "Trusted certificates in the PEM format. Only X.509 certificates are supported.",
      "displayGroup" : "schemaregistry",
      "label" : "Truststore certificates",
      "type" : "string",
      "supported_products" : [ "cpd", "datastage" ],
      "required" : false,
      "user_defined" : false,
      "readonly" : false,
      "uiOnly" : false,
      "displayOrdinal" : 800,
      "multiline" : true,
      "name" : "registry_truststore_pem",
      "multichoice" : false
    }, {
      "hidden" : false,
      "masked" : false,
      "description" : "User name",
      "displayGroup" : "schemaregistry",
      "label" : "User name",
      "type" : "string",
      "supported_products" : [ "cpd", "datastage" ],
      "required" : false,
      "user_defined" : false,
      "readonly" : false,
      "uiOnly" : false,
      "displayOrdinal" : 230,
      "multiline" : false,
      "name" : "registry_username",
      "multichoice" : false
    }, {
      "hidden" : false,
      "masked" : false,
      "values" : [ {
        "label" : "None",
        "value" : "none"
      }, {
        "label" : "Use Kafka server SASL user credentials",
        "value" : "reuse_sasl_credentials"
      }, {
        "label" : "User credentials",
        "value" : "user_credentials"
      } ],
      "description" : "Select option to provide credentials for authentication",
      "displayGroup" : "schemaregistry",
      "default_value" : "none",
      "label" : "Authentication",
      "type" : "enum",
      "supported_products" : [ "cpd", "datastage" ],
      "required" : false,
      "user_defined" : false,
      "readonly" : false,
      "uiOnly" : false,
      "displayOrdinal" : 220,
      "multiline" : false,
      "name" : "schema_registry_authentication",
      "multichoice" : false
    }, {
      "hidden" : false,
      "masked" : false,
      "values" : [ {
        "label" : "Kerberos",
        "supported_environments" : [ "private" ],
        "value" : "kerberos"
      }, {
        "label" : "None",
        "value" : "none"
      }, {
        "label" : "SSL",
        "value" : "ssl"
      }, {
        "label" : "Use Kafka server SSL connection settings",
        "value" : "reuse_ssl"
      } ],
      "description" : "Select type of secure connection to schema registry",
      "displayGroup" : "schemaregistry",
      "default_value" : "none",
      "label" : "Secure connection",
      "type" : "enum",
      "supported_products" : [ "cpd", "datastage" ],
      "required" : false,
      "user_defined" : false,
      "readonly" : false,
      "uiOnly" : false,
      "displayOrdinal" : 300,
      "multiline" : false,
      "name" : "schema_registry_secure",
      "multichoice" : false
    }, {
      "hidden" : false,
      "masked" : false,
      "values" : [ {
        "label" : "Cloudera",
        "value" : "cloudera"
      }, {
        "label" : "Confluent",
        "value" : "confluent"
      } ],
      "description" : "Select type of schema registry service",
      "displayGroup" : "schemaregistry",
      "default_value" : "confluent",
      "label" : "Schema Registry type",
      "type" : "enum",
      "supported_products" : [ "cpd", "datastage" ],
      "required" : false,
      "user_defined" : false,
      "readonly" : false,
      "uiOnly" : false,
      "displayOrdinal" : 100,
      "multiline" : false,
      "name" : "schema_registry_type",
      "multichoice" : false,
      "supported_environments" : [ "private" ]
    }, {
      "hidden" : false,
      "masked" : false,
      "description" : "Specify schema registry service URL",
      "displayGroup" : "schemaregistry",
      "label" : "Registry URL",
      "type" : "string",
      "supported_products" : [ "cpd", "datastage" ],
      "required" : false,
      "user_defined" : false,
      "readonly" : false,
      "uiOnly" : false,
      "displayOrdinal" : 200,
      "multiline" : false,
      "name" : "schema_registry_url",
      "multichoice" : false
    }, {
      "hidden" : false,
      "masked" : false,
      "description" : "Kafka topic name.",
      "displayGroup" : "general",
      "label" : "Topic name",
      "type" : "string",
      "required" : true,
      "user_defined" : false,
      "readonly" : false,
      "uiOnly" : false,
      "displayOrdinal" : 100,
      "multiline" : false,
      "name" : "topic_name",
      "multichoice" : false
    }, {
      "hidden" : false,
      "masked" : false,
      "values" : [ {
        "label" : "Avro",
        "value" : "avro"
      }, {
        "label" : "Avro as JSON",
        "value" : "avro_to_json"
      }, {
        "label" : "Byte",
        "value" : "byte"
      }, {
        "label" : "Double",
        "value" : "double"
      }, {
        "label" : "Integer",
        "value" : "integer"
      }, {
        "label" : "Small Integer",
        "value" : "small_integer"
      }, {
        "label" : "String",
        "value" : "string"
      } ],
      "description" : "Specify the type of data to use appropriate serializer or deserializer",
      "displayGroup" : "general",
      "default_value" : "string",
      "label" : "Value serializer",
      "type" : "enum",
      "supported_products" : [ "cpd", "datastage" ],
      "required" : false,
      "user_defined" : false,
      "readonly" : false,
      "uiOnly" : false,
      "displayOrdinal" : 300,
      "multiline" : false,
      "name" : "value_serializer_type",
      "multichoice" : false
    } ]
  },
  "datasource_type" : "f13bc9b7-4a46-48f4-99c3-01d943334ba7",
  "name" : "Kafka_Connect",
  "rov" : {
    "mode" : 0
  },
  "properties" : {
    "server_name" : "broker-3-jz6ccf0c1kf5spnv.kafka.svc09.us-south.eventstreams.cloud.ibm.com:9093,broker-5-jz6ccf0c1kf5spnv.kafka.svc09.us-south.eventstreams.cloud.ibm.com:9093,broker-1-jz6ccf0c1kf5spnv.kafka.svc09.us-south.eventstreams.cloud.ibm.com:9093,broker-0-jz6ccf0c1kf5spnv.kafka.svc09.us-south.eventstreams.cloud.ibm.com:9093,broker-4-jz6ccf0c1kf5spnv.kafka.svc09.us-south.eventstreams.cloud.ibm.com:9093,broker-2-jz6ccf0c1kf5spnv.kafka.svc09.us-south.eventstreams.cloud.ibm.com:9093",
    "secure_connection" : "SASL_SSL",
    "password" : "MwIrns4rr8F-mTfPj0Kz7_uGmeYkd8puHswExi38Z-Dv",
    "use_schema_registry" : "false",
    "username" : "token"
  },
  "origin_country" : "us"
}